Wallace &amp; Gromit: The Curse of the Were-Rabbit,9.3
Off Course,9.2
Hans Zimmer: Live in Prague,9.1
Cut from a Different Cloth,9.1
Death Note,9.0
Pulp Fiction,8.9
Schindler's List,8.9
Your Name,8.9
On Yoga: The Architecture of Peace,8.8
Forrest Gump,8.8
Star Wars: Episode V: The Empire Strikes Back,8.8
Be Here Now,8.7
The Witness,8.7
Human,8.7
FullMetal Alchemist,8.6
Léon: The Professional,8.6
Interrogation,8.6
City of God,8.6
Star Wars: Episode IV: A New Hope,8.6
Life Is Beautiful,8.6
The Starfish Throwers,8.6
Dismissal,8.5
Gladiator,8.5
Hannah Gadsby: Nanette,8.5
Dangal,8.5
The Wishing Tree,8.5
Spartacus,8.5
Psycho,8.5
Empire of Dreams: The Story of the Star Wars Trilogy,8.4
WALL-E,8.4
Secrets of Highclere Castle,8.4
American Beauty,8.4
My Name Is Barbra,8.4
Hitting the Apex,8.4
Usagi Drop,8.4
Bo Burnham: Make Happy,8.4
Terra,8.4
Winter on Fire: Ukraine's Fight for Freedom,8.4
Oldboy,8.4
Monty Python and the Holy Grail,8.3
Thithi,8.3
Virunga,8.3
Bill Burr: I'm Sorry You Feel That Way,8.3
Foo Fighters: Back and Forth,8.3
To Kill a Mockingbird,8.3
Scarface,8.3
The Look of Silence,8.3
Tickling Giants,8.3
Up,8.3
Queen,8.3
Good Will Hunting,8.3
Shahid,8.3
Inglourious Basterds,8.3
Toy Story,8.3
Cowspiracy: The Sustainability Secret,8.3
Before the Flood,8.3
Toy Story 3,8.3
The House of Small Cubes,8.3
India's Daughter,8.2
Zinzana,8.2
History of the Eagles,8.2
Sunrise,8.2
PK,8.2
Michael Jackson's This Is It,8.2
Room,8.2
13TH,8.2
Rang De Basanti,8.2
Inside Out,8.2
Hasan Minhaj: Homecoming King,8.2
Casino,8.2
Cuba and the Cameraman,8.2
Valley Uprising,8.2
Pink,8.2
Bleach,8.2
Indiana Jones and the Last Crusade,8.2
Skins,8.2
Street,8.2
Residente,8.2
The Wolf of Wall Street,8.2
LA 92,8.2
Eddie Murphy: Delirious,8.2
Long Time Running,8.2
Richard Pryor: Live in Concert,8.2
Shutter Island,8.1
Ugly,8.1
How to Train Your Dragon,8.1
Dead Poets Society,8.1
Maktub,8.1
Blackfish,8.1
Attacking the Devil: Harold Evans and the Last Nazi War Crime,8.1
Vizontele,8.1
Lagaan,8.1
Into the Wild,8.1
Masaan,8.1
Barry,8.1
The Avengers,8.1
The Truman Show,8.1
The Thing,8.1
Steve Jobs: The Lost Interview,8.1
The Help,8.1
Kahaani,8.1
Elite Squad,8.1
Catch Me If You Can,8.1
Stretch and Bobbito: Radio That Changed Lives,8.1
Guardians of the Galaxy,8.1
"Monsters, Inc.",8.1
Airlift,8.1
No Country for Old Men,8.1
Finding Nemo,8.1
Akira,8.1
Gun Runners,8.1
Opening Night,8.1
The Invisible Guest,8.1
Jim Jefferies : BARE,8.1
Hachi: A Dog's Tale,8.1
Mike Birbiglia: My Girlfriend's Boyfriend,8.1
Flowers,8.1
12 Years a Slave,8.1
George Harrison: Living in the Material World,8.1
Color Me Barbra,8.1
Paris Is Burning,8.1
Kill Bill: Vol. 1,8.1
Chasing Coral,8.1
Famous in Ahmedabad,8.0
Ratatouille,8.0
The Imitation Game,8.0
Jim Gaffigan: Beyond the Pale,8.0
The Incredibles,8.0
Blood,8.0
A Plastic Ocean,8.0
Zion,8.0
Big in Bollywood,8.0
Los Herederos,8.0
Big Fish &amp; Begonia,8.0
El Che,8.0
Mission Blue,8.0
Mersal,8.0
Special 26,8.0
Scent of a Woman,8.0
Eagles of Death Metal: Nos Amis (Our Friends),8.0
Kurt &amp; Courtney,8.0
The Battered Bastards of Baseball,8.0
Jerry Seinfeld: I'm Telling You for the Last Time,8.0
Touch of Evil,8.0
Ankhon Dekhi,8.0
Tower,8.0
Killa,8.0
Shrek,7.9
Iron Man &amp; Captain America: Heroes United,7.9
Jab We Met,7.9
Toy Story 2,7.9
Iron Man,7.9
Children of Men,7.9
Tiger,7.9
Jim Gaffigan: King Baby,7.9
Straight Outta Compton,7.9
John Mulaney: The Comeback Kid,7.9
The Untouchables,7.9
Cristina,7.9
Justin Timberlake + the Tennessee Kids,7.9
Hero,7.9
Oasis: Supersonic,7.9
The Remains of the Day,7.9
Marco Polo: One Hundred Eyes,7.9
AlphaGo,7.9
Maniac,7.9
The Innocents,7.9
"Houston, We Have a Problem!",7.9
Diana: In Her Own Words,7.9
The Lost Honour of Christopher Jefferies,7.9
The Chorus,7.9
E.T. the Extra-Terrestrial,7.9
Jiro Dreams of Sushi,7.9
Ricky Gervais: Humanity,7.9
Unchained: The Untold Story of Freestyle Motocross,7.9
The Breakfast Club,7.9
The Ivory Game,7.9
Secrets of Henry VIII's Palace: Hampton Court,7.9
Night of the Living Dead,7.9
"I, Daniel Blake",7.9
She's Beautiful When She's Angry,7.9
Icarus,7.9
Panama Canal Stories,7.9
Naked,7.9
Neal Brennan: 3 Mics,7.9
Captain America: The Winter Soldier,7.8
Jim Gaffigan: Mr. Universe,7.8
Ferris Bueller's Day Off,7.8
Happy People: A Year in the Taiga,7.8
Jane,7.8
Pride &amp; Prejudice,7.8
Hajwala: The Missing Engine,7.8
"Oh, Hello On Broadway",7.8
Tangled,7.8
Jane &amp; Payne,7.8
The Hateful Eight,7.8
When Two Worlds Collide,7.8
The Official Story,7.8
My Way,7.8
The Girl with the Dragon Tattoo,7.8
The Name of the Rose,7.8
Happy Together,7.8
Given,7.8
Star Wars: The Legacy Revealed,7.8
American Gangster,7.8
Big Hero 6,7.8
The Barkley Marathons: The Race That Eats Its Young,7.8
Maya Angelou: And Still I Rise,7.8
The Beatles: Eight Days a Week,7.8
Parmanu: The Story of Pokhran,7.8
Imba Means Sing,7.8
Dear Frankie,7.8
Perfect Strangers,7.8
Little Man,7.8
Best Worst Thing That Ever Could Have Happened,7.8
Sunny,7.8
The Killer,7.8
Udta Punjab,7.8
I Believe in Miracles,7.8
The Boy in the Striped Pajamas,7.8
The Butterfly's Dream,7.8
John Mulaney: Kid Gorgeous at Radio City,7.8
Beasts of No Nation,7.8
Loving Vincent,7.8
How to Train Your Dragon 2,7.8
Back to the Future Part II,7.8
Awakenings,7.8
Born to Be Free,7.8
The 36th Chamber of Shaolin,7.8
Kung Fu Hustle,7.8
Marathon,7.8
The Aerial,7.8
Finding Neverland,7.7
Fire in the Blood,7.7
The Experiment,7.7
"Jim &amp; Andy: The Great Beyond – Featuring a Very Special, Contractually Obligated Mention of Tony Clifton",7.7
The Incident,7.7
Cidade Cinza,7.7
The True Cost,7.7
The Fear of 13,7.7
Coraline,7.7
Court,7.7
The C Word,7.7
The Breadwinner,7.7
The Bomb,7.7
The Bleeding Edge,7.7
Dear Zindagi,7.7
David Blaine: Street Magic,7.7
David Blaine: Real or Magic?,7.7
Jim Jefferies: Freedumb,7.7
Star Trek II: The Wrath of Khan,7.7
What We Do in the Shadows,7.7
Madness in the Desert,7.7
Adaptation.,7.7
Madras Café,7.7
Star Trek Into Darkness,7.7
Sarkar,7.7
Secrets of Althorp – The Spencers,7.7
Meru,7.7
What the Health,7.7
Anthony Jeselnik: Thoughts and Prayers,7.7
Nise: The Heart of Madness,7.7
Williams,7.7
Black Hawk Down,7.7
Pyaar Ka Punchnama,7.7
Wreck-It Ralph,7.7
Only the Dead,7.7
Judah Friedlander: America Is the Greatest Country in the United States,7.7
Joseph &amp; Mary,7.7
Operation Odessa,7.7
Playing for Time,7.7
Changeling,7.7
Being Elmo: A Puppeteer's Journey,7.7
Sense and Sensibility,7.7
Live and Let Live,7.7
Breakfast at Tiffany's,7.7
Saw,7.6
Diary of a Chambermaid,7.6
The Wave,7.6
How to Change the World,7.6
Madaari,7.6
Denis Leary: No Cure For Cancer,7.6
The Reader,7.6
Secret,7.6
Among the Believers,7.6
Delhi Belly,7.6
Disturbing the Peace,7.6
Weiner,7.6
Doug Stanhope: Beer Hall Putsch,7.6
Golden Time,7.6
13 Assassins,7.6
Piku,7.6
Out of Luck,7.6
Radiopetti,7.6
Enemy at the Gates,7.6
The Music Never Stopped,7.6
"What Happened, Miss Simone?",7.6
Accidental Courtesy,7.6
Amar Akbar &amp; Tony,7.6
Eco de la Montaña,7.6
East Jerusalem West Jerusalem,7.6
Bhavesh Joshi Superhero,7.6
The Others,7.6
Drunken Master,7.6
Watchmen,7.6
Rudy,7.6
Twinsters,7.6
For the Love of Spock,7.6
Transformers Prime Beast Hunters: Predacons Rising,7.6
Sophie's Choice,7.6
Kick-Ass,7.6
Inside Man,7.6
Star Trek: First Contact,7.6
Kevin Hart: Seriously Funny,7.6
Tom Segura: Disgraceful,7.6
Indiana Jones and the Temple of Doom,7.6
Sicario,7.6
Spellbound,7.6
Star Wars: Episode III: Revenge of the Sith,7.6
Call Me Lucky,7.6
Toy Story of Terror!,7.6
Tickled,7.6
The Testimony,7.6
Chandni Bar,7.6
Jim Gaffigan: Obsessed,7.6
Kiss &amp; Cry,7.6
Kung Fu Panda,7.6
The 100 Years Show,7.5
Jaane Tu… Ya Jaane Na,7.5
Restrepo,7.5
The Natural,7.5
Ali Wong: Baby Cobra,7.5
Mission Control: The Unsung Heroes of Apollo,7.5
Jago: A Life Underwater,7.5
The Other One: The Long Strange Trip of Bob Weir,7.5
Compulsion,7.5
Guy Martin’s Spitfire,7.5
The Mission,7.5
My Happy Family,7.5
Frozen,7.5
Peepli Live,7.5
The White Helmets,7.5
Perfume: The Story of a Murderer,7.5
Pet Fooled,7.5
Joe Rogan: Triggered,7.5
You Carry Me,7.5
Still Alice,7.5
Naledi: A Baby Elephant's Tale,7.5
Quanto Tempo o Tempo Tem,7.5
Tango Feroz,7.5
Gallipoli,7.5
Raising the Bar,7.5
Garfunkel and Oates: Trying to be Special,7.5
A Nightmare on Elm Street,7.5
Bram Stoker's Dracula,7.5
Scott Pilgrim vs. the World,7.5
Tom Segura: Mostly Stories,7.5
Total Recall,7.5
Ice Guardians,7.5
Limonata,7.5
Lion Heart,7.5
"Life, Animated",7.5
Sherlock Holmes: A Game of Shadows,7.5
Lone Survivor,7.5
Losing Sight of Shore,7.5
Secrets of Chatsworth,7.5
The Short Game,7.5
Hunting Season,7.5
Bareilly Ki Barfi,7.5
Democrats,7.5
Hitler – A Career,7.5
Train to Busan,7.5
The Distinguished Citizen,7.5
Bonnie &amp; Clyde,7.5
Resurrection,7.4
Limitless,7.4
Looper,7.4
Pumping Iron,7.4
Kevin Hart: Laugh at My Pain,7.4
In Their Shoes,7.4
Life of Ryan: Caretaker Manager,7.4
Suburra,7.4
Long Shot,7.4
Southpaw,7.4
Little Witch Academia,7.4
Secrets of Westminster,7.4
"McFarland, USA",7.4
Frida,7.4
Mike Birbiglia: Thank God for Jokes,7.4
Frances Ha,7.4
Palm Trees in the Snow,7.4
Four Minutes,7.4
Michael Jackson: The Life of an Icon,7.4
The Last Man on the Moon,7.4
Secrets of the Tower of London,7.4
Marc Maron: Thinky Pain,7.4
Forever Pure,7.4
Joan Didion: The Center Will Not Hold,7.4
Terms and Conditions May Apply,7.4
The Guernsey Literary and Potato Peel Pie Society,7.4
Smoke &amp; Mirrors,7.4
Hondros,7.4
Labyrinth,7.4
Sky Ladder: The Art of Cai Guo-Qiang,7.4
Much Ado About Nothing,7.4
The Cider House Rules,7.4
Remember,7.4
Mission: Impossible – Ghost Protocol,7.4
Law Abiding Citizen,7.4
Get Me Roger Stone,7.4
Happy Times,7.4
Motu Patlu: King of Kings,7.4
Janis: Little Girl Blue,7.4
La última cima,7.4
Hello I Am David!,7.4
The Hunting Ground,7.4
Shaun the Sheep Movie,7.4
Patterns of Evidence: Exodus,7.4
Divines,7.4
This Is the Life,7.4
The Thin Yellow Line,7.4
"Twisted Trunk, Big Fat Body",7.4
Tyke Elephant Outlaw,7.4
Demetri Martin: Live (At the Time),7.4
20 Feet From Stardom,7.4
The Nice Guys,7.4
Chuck Norris vs. Communism,7.4
Fireflies in the Abyss,7.4
The Stranger,7.4
Blue Valentine,7.4
Zero Dark Thirty,7.4
You're Not You,7.4
A Room with a View,7.4
Tig,7.4
El Crazy Che,7.4
Very Big Shot,7.4
Floyd Norman: An Animated Life,7.4
Under the Sun,7.4
Avengers: Age of Ultron,7.4
Ballerina,7.4
APEX: The Story of the Hypercar,7.4
Easy Rider,7.4
Holding the Man,7.3
Winners &amp; Sinners,7.3
Chef,7.3
Jim Jefferies: This Is Me Now,7.3
Sustainable,7.3
Sadece Sen,7.3
Pyaar Ka Punchnama 2,7.3
Aziz Ansari: Buried Alive,7.3
Margarita with a Straw,7.3
Chasing Trane,7.3
Hercules,7.3
Anomalisa,7.3
Heidi,7.3
Ant-Man,7.3
Woman in Gold,7.3
The End of the Tour,7.3
John Wick,7.3
The Perfect Dictatorship,7.3
Mean Streets,7.3
Desire,7.3
Megamind,7.3
I Am Sun Mu,7.3
Reversing Roe,7.3
Mortified Nation,7.3
The Birth of Saké,7.3
Revolutionary Road,7.3
Trainer!,7.3
The Black Panthers: Vanguard of the Revolution,7.3
Dawn of the Dead,7.3
Monsters University,7.3
The Square,7.3
Monkey Kingdom,7.3
Rise of the Guardians,7.3
I Called Him Morgan,7.3
The 11th Hour,7.3
Ryan Hamilton: Happy Face,7.3
Ishqiya,7.3
A River Below,7.3
Testament of Youth,7.3
Rodeo &amp; Juliet,7.3
Coach Carter,7.3
Ali Wong: Hard Knock Wife,7.3
Raman Raghav 2.0,7.3
All Things Must Pass: The Rise and Fall of Tower Records,7.3
Team Foxcatcher,7.3
Tarzan,7.3
Wildflower,7.3
Russell Howard: Recalibrate,7.3
Lucha Mexico,7.3
The Siege of Jadotville,7.3
Basic Sanitation: The Movie,7.3
99,7.3
Forgotten,7.3
78/52,7.3
Sour Grapes,7.3
Shaolin Soccer,7.3
Enemy of the State,7.3
Somewhere in Time,7.3
Extremis,7.3
The Memphis Belle: A Story of a Flying Fortress,7.3
Little Witch Academia: The Enchanted Parade,7.3
Bert Kreischer: Secret Time,7.3
Filmistaan,7.3
Gabo: The Creation of Gabriel García Márquez,7.3
Pacific Warriors,7.3
From Dusk Till Dawn,7.3
Shot Caller,7.3
Friday,7.3
The Karma Killings,7.3
10 Things I Hate About You,7.3
Franca: Chaos and Creation,7.3
Food Choices,7.3
Blue Jay,7.3
For Grace,7.3
Patton Oswalt: Annihilation,7.3
Toilet: Ek Prem Katha,7.3
Somm: Into the Bottle,7.3
Shaitan,7.3
St. Vincent,7.3
The Fundamentals of Caring,7.3
Cape Fear,7.3
Unbranded,7.3
Okja,7.3
Guilty,7.3
Lorenzo's Oil,7.3
Tinker Bell and the Legend of the NeverBeast,7.3
Unbreakable,7.3
Kimura,7.3
Berlin Calling,7.3
Ladies First,7.2
Mom,7.2
Tremors,7.2
Steve Jobs,7.2
"Aram, Aram",7.2
Mountain,7.2
"Love, Rosie",7.2
Love Per Square Foot,7.2
Toy Story That Time Forgot,7.2
Tracks,7.2
Audrie &amp; Daisy,7.2
Strike a Pose,7.2
The Age of Adaline,7.2
The Age of Innocence,7.2
Lilo &amp; Stitch,7.2
Into the Inferno,7.2
Shrek 2,7.2
Slam,7.2
Anthony Joshua: The Road to Klitschko,7.2
We Are Young. We Are Strong.,7.2
Iron Man 3,7.2
Ajji,7.2
Beltracchi: The Art of Forgery,7.2
Born Strong,7.2
TE3N,7.2
Survivors Guide to Prison,7.2
Shanghai,7.2
Tamasha,7.2
Kung Fu Panda 2,7.2
"Same Time, Next Year",7.2
Carol,7.2
Shark Busters,7.2
Joe Cocker: Mad Dog with Soul,7.2
Rumble Fish,7.2
Sometimes,7.2
Mickey's Once Upon a Christmas,7.2
Miss Sharon Jones!,7.2
Solitude,7.2
Secrets of Selfridges,7.2
Betting on Zero,7.2
Jimmy Carr: Funny Business,7.2
Forgetting Sarah Marshall,7.2
Les Invincibles,7.2
Dope,7.2
Rango,7.2
Gad Elmaleh: American Dream,7.2
Peter and the Farm,7.2
The Physician,7.2
You Laugh But It's True,7.2
"Pizza, Beer, &amp; Smokes",7.2
Hired Gun,7.2
Ghoul,7.2
Demetri Martin: The Overthinker,7.2
Demimonde,7.2
Embrace,7.2
February,7.2
Our Last Tango,7.2
A Murder in the Park,7.2
The Real Miyagi,7.2
Power Rangers Samurai: Clash of the Red Rangers,7.2
Düğün Dernek,7.2
E-Team,7.2
Queen Mimi,7.2
Nothing But the Truth,7.2
Dheepan,7.2
Defying the Nazis: The Sharps' War,7.2
A Bug's Life,7.2
"Definitely, Maybe",7.2
Paddington,7.2
Nat King Cole: Afraid of the Dark,7.2
Fittest on Earth: A Decade of Fitness,7.2
First They Killed My Father,7.2
Zenne Dancer,7.2
Dragon Ball Z: Battle of Gods,7.2
Narc,7.2
The Equalizer,7.2
Narco Cultura,7.2
Harry Benson: Shoot First,7.2
Numbered,7.2
Happy,7.2
GANTZ:O,7.2
10 Cloverfield Lane,7.2
The One I Love,7.1
School of Rock,7.1
Unacknowledged,7.1
The Gift,7.1
Just Like Us,7.1
"Burn, Burn, Burn",7.1
Behind the Curtain: Todrick Hall,7.1
Old School,7.1
Steve Martin and Martin Short: An Evening You Will Forget for the Rest of Your Life,7.1
Cars,7.1
Uncertain Glory,7.1
Keith Richards: Under the Influence,7.1
Under an Arctic Sky,7.1
Drawers,7.1
Dries,7.1
Steel Rain,7.1
Handsome Devil,7.1
Look Who's Back,7.1
Beauties of the Night,7.1
Prelude to War,7.1
Lore,7.1
Restless Creature: Wendy Whelan,7.1
Seoul Searching,7.1
Sixteen Candles,7.1
Gaga: Five Foot Two,7.1
Fathers &amp; Daughters,7.1
Trevor Noah: Afraid of the Dark,7.1
The Magic Pill,7.1
Freeway: Crack in the System,7.1
"1,000 Times Good Night",7.1
Blessed Benefit,7.1
5 to 7,7.1
Bill Burr: Walk Your Way Out,7.1
Shrek the Musical,7.1
Transformers,7.1
Let Me In,7.1
Legendary Weapons of China,7.1
Lens,7.1
Kung Fu Panda: Secrets of the Scroll,7.1
Everest,7.1
East Side Sushi,7.1
Speed Sisters,7.1
XXY,7.1
Kill the Irishman,7.1
Greg Davies: You Magnificent Beast,7.1
Spirit: Stallion of the Cimarron,7.1
Kingdom of Us,7.1
Lo and Behold: Reveries of the Connected World,7.1
One of Us,7.1
Enchanted,7.1
99 Homes,7.1
The Young and Prodigious T.S. Spivet,7.1
8 Mile,7.1
Go With Me,7.1
El fin de ETA,7.1
Bone Tomahawk,7.1
Brave,7.1
The Young Offenders,7.1
The Protector,7.1
Iris,7.1
The Prince of Egypt,7.1
Raajneeti,7.1
Notes on Blindness,7.1
"Norm Macdonald: Hitler's Dog, Gossip &amp; Trickery",7.1
Rustom,7.1
Russell Peters: Notorious,7.1
The Art of Loving,7.1
A War,7.1
Aileen: Life and Death of a Serial Killer,7.1
The Road Within,7.1
The Truth About Alcohol,7.1
Ip Man 3,7.1
Dedh Ishqiya,7.1
The Art of Organized Noize,7.1
The China Hustle,7.1
National Bird,7.1
Jackass: Number Two,7.1
The Carter Effect,7.1
Courageous,7.1
The Candidate,7.1
We Are Not Alone,7.1
It's Kind of a Funny Story,7.1
Real Steel,7.1
I Am Bolt,7.1
The Tenth Man,7.1
The 40-Year-Old Virgin,7.1
Road to La Paz,7.1
Meet the Patels,7.1
Take Every Wave: The Life of Laird Hamilton,7.1
Nowhere Boy,7.1
Mr. Six,7.1
Cell Phone,7.1
My Beautiful Broken Brain,7.1
Diving Into the Unknown,7.1
Return to the 36th Chamber,7.1
Print the Legend,7.1
Chaos on the Bridge,7.1
Marc Maron: Too Real,7.1
The Danish Girl,7.1
Highly Strung,7.1
David Blaine: What Is Magic?,7.1
A.I. Artificial Intelligence,7.1
The Water Diviner,7.1
Across Grace Alley,7.1
Chinese Take-Away,7.1
Anina,7.1
The Death and Life of Marsha P. Johnson,7.1
Holy Hell,7.1
Dirty Hands,7.1
The Redeemed and the Dominant: Fittest on Earth,7.1
Monkey King: Hero Is Back,7.0
When Hari Got Married,7.0
Big Eyes,7.0
What About Bob?,7.0
Remember Sunday,7.0
What Dreams May Come,7.0
Resurface,7.0
Paul,7.0
Oblivion,7.0
Reaching for the Moon,7.0
Raw,7.0
Maleficent,7.0
Pretty Woman,7.0
Man vs Snake: The Long and Twisted Tale of Nibbler,7.0
Ocean Wonders,7.0
Veteran,7.0
Prescription Thugs,7.0
Public Enemies,7.0
Now More Than Ever: The History of Chicago,7.0
A Heavy Heart,7.0
Marguerite,7.0
A Barefoot Dream,7.0
Meet the Mormons,7.0
Long Live Freedom,7.0
Russell Brand: From Addiction to Recovery,7.0
Logan Lucky,7.0
A Most Violent Year,7.0
Russell Brand: End the Drugs War,7.0
World War Z,7.0
One Day,7.0
Amateur,7.0
Michael Che Matters,7.0
"Ram Dass, Going Home",7.0
Rambo,7.0
Aileen Wuornos: The Selling of a Serial Killer,7.0
Tokyo Idols,7.0
Thor: The Dark World,7.0
Kara Bela,7.0
"Justice, My Foot!",7.0
El Bosque de Karadima,7.0
Stockholm,7.0
The Thirteenth Floor,7.0
Thor,7.0
Iverson,7.0
Kathleen Madigan: Madigan Again,7.0
Kicking and Screaming,7.0
The Sunshine Makers,7.0
Chelsea Peretti: One of the Greats,7.0
Iron Man 2,7.0
Legend,7.0
The African Doctor,7.0
Standing Tall,7.0
Coming to America,7.0
Jack Reacher,7.0
Tell Spring Not to Come This Year,7.0
Dukhtar,7.0
Halo 4: Forward Unto Dawn,7.0
Jack and the Cuckoo-Clock Heart,7.0
Dirt,7.0
Cloverfield,7.0
Suite Française,7.0
Dragon: The Bruce Lee Story,7.0
The Fabulous Ice Age,7.0
The President's Barber,7.0
Jerry Before Seinfeld,7.0
Cloudy with a Chance of Meatballs,7.0
Super 8,7.0
Pasaje de vida,7.0
Jim Gaffigan: Cinco,7.0
The SpongeBob SquarePants Movie,7.0
Chicken Run,7.0
The Italian Job,7.0
The Secret Reunion,7.0
The Last Elvis,7.0
Frank,7.0
The Cabin in the Woods,7.0
The Magic of Belle Isle,7.0
Illegal,7.0
The Bad Kids,7.0
The Kids Are All Right,7.0
The Reconquest,7.0
Hunterrr,7.0
How to Steal a Dog,7.0
Hunter x Hunter: The Last Mission,7.0
Danny Collins,7.0
Le K Benzema,7.0
First Contact: Lost Tribe of the Amazon,7.0
Somm,7.0
Amanda Knox,6.9
Ted,6.9
My Little Pony Equestria Girls: Rainbow Rocks,6.9
The Resistance Banker,6.9
Jen Kirkman: I'm Gonna Die Alone (And I Feel Fine),6.9
I Am Jane Doe,6.9
"AWAKE, A Dream from Standing Rock",6.9
I Don't Feel at Home in This World Anymore,6.9
Clear and Present Danger,6.9
Cinderella,6.9
National Treasure,6.9
Meet the Robinsons,6.9
Disturbia,6.9
The Road to El Dorado,6.9
The Violin Player,6.9
House of Z,6.9
Insidious,6.9
Warcraft,6.9
Mitt,6.9
Ace Ventura: Pet Detective,6.9
Hunter x Hunter: Phantom Rouge,6.9
"The Chronicles of Narnia: The Lion, the Witch &amp; the Wardrobe",6.9
Monster High: 13 Wishes,6.9
The Stanford Prison Experiment,6.9
The Captains,6.9
Motivation 2: The Chris Cole Story,6.9
Damage,6.9
Mission: Impossible III,6.9
Jack Whitehall: At Large,6.9
Mr. Holmes,6.9
Danilo Gentili: Politicamente incorreto,6.9
What Happened to Monday,6.9
Raiders!: The Story of the Greatest Fan Film Ever Made,6.9
What We Did on Our Holiday,6.9
The Climb,6.9
Raees,6.9
Ali's Wedding,6.9
The Addams Family,6.9
Joe,6.9
Matilda,6.9
King Georges,6.9
Love on Delivery,6.9
Under the Shadow,6.9
Carbon,6.9
Captain America: The First Avenger,6.9
Camp X-Ray,6.9
Our Shining Days,6.9
The Meyerowitz Stories,6.9
Un Padre No Tan Padre,6.9
Our Souls at Night,6.9
To the Bone,6.9
Spyder,6.9
Serendipity,6.9
Fatal Attraction,6.9
Madagascar,6.9
Frozen Fever,6.9
"Bon Cop, Bad Cop",6.9
Kung Fu Panda: Holiday,6.9
Top Gun,6.9
2 States,6.9
Kygo: Live at the Hollywood Bowl,6.9
Twice,6.9
Big Bang,6.9
Trust,6.9
Bolt,6.9
Labor Day,6.9
Liar's Dice,6.9
Steve Jobs: The Man in the Machine,6.9
National Parks Adventure,6.9
The Book of Eli,6.9
Hector,6.9
Dragons: Dawn of the Dragon Racers,6.9
Sunday's Illness,6.9
The First Time,6.9
He Named Me Malala,6.9
Sand Storm,6.9
A Family Affair,6.9
Catching the Sun,6.9
Heart and Souls,6.9
Atlantis: The Lost Empire,6.9
Suffragette,6.9
Annihilation,6.9
This Beautiful Fantastic,6.9
From Business to Being,6.8
The Incredible Hulk,6.8
A Faster Horse,6.8
Food on the Go,6.8
Newtown,6.8
Patton Oswalt: Talking for Clapping,6.8
A Goofy Movie,6.8
A Perfect Day,6.8
Nila,6.8
The Last Shaman,6.8
Hippocrates: Diary of a French Doctor,6.8
Green Zone,6.8
The Hunter,6.8
Hocus Pocus,6.8
One in a Billion,6.8
The Grey,6.8
The Giant,6.8
The Motivation,6.8
No Escape,6.8
The Fury of a Patient Man,6.8
A Futile and Stupid Gesture,6.8
A Boyfriend for My Wife,6.8
The Propaganda Game,6.8
Our Lovers,6.8
The Flying Guillotine,6.8
How the Beatles Changed the World,6.8
Hostages,6.8
7 años,6.8
The Rat Race,6.8
The Firm,6.8
Presenting Princess Shaw,6.8
Pirate's Passage,6.8
Elsa &amp; Fred,6.8
Silicon Cowboys,6.8
Saving Banksy,6.8
Sofia the First: Once Upon a Princess,6.8
Meu Passado Me Condena,6.8
The Tree of Life,6.8
Katherine Ryan: In Trouble,6.8
Merantau,6.8
Bridesmaids,6.8
Safe House,6.8
Mary Kom,6.8
Jim Norton: Mouthful of Shame,6.8
San Pietro,6.8
Super,6.8
Chappie,6.8
The Wine of Summer,6.8
Sarajevo,6.8
The Witch,6.8
I.T,6.8
Saving Capitalism,6.8
Malcriados,6.8
Theater of Life,6.8
Madagascar 3: Europe's Most Wanted,6.8
U Turn,6.8
Kevin Hart: Let Me Explain,6.8
Machine Gun Preacher,6.8
Barbie &amp; Her Sisters in a Pony Tale,6.8
Korengal,6.8
Knuckle,6.8
The Babadook,6.8
Inside,6.8
Imperial Dreams,6.8
What We Started,6.8
Biggie &amp; Tupac,6.8
The Secret Society of Souptown,6.8
Sleepless in Seattle,6.8
Clueless,6.8
Daemonium,6.8
La Pena Maxima,6.8
Cruel Intentions,6.8
Mujhse Shaadi Karogi,6.8
Cowboy,6.8
It Follows,6.8
Rocky Handsome,6.8
Miss You Already,6.8
Iliza Shlesinger: Freezing Hot,6.8
Truth,6.8
A United Kingdom,6.8
Outside In,6.7
Calibre,6.7
Layla M.,6.7
Being George Clooney,6.7
Keep Quiet,6.7
Bruce Almighty,6.7
2 Guns,6.7
Brotherly Love,6.7
Over the Hedge,6.7
Bombay Talkies,6.7
Game Face,6.7
Belgica,6.7
Pandora,6.7
Lifeline,6.7
Brazilian Western,6.7
Bon Cop Bad Cop 2,6.7
L'adopció,6.7
Other People,6.7
I'll See You in My Dreams,6.7
Gold,6.7
Althea,6.7
Iliza Shlesinger: War Paint,6.7
Danny Says,6.7
In Dog's Words,6.7
A Noble Intention,6.7
Nitro Circus: The Movie,6.7
Crossing Over,6.7
"Monster High: Frights, Camera, Action!",6.7
Minimalism: A Documentary About the Important Things,6.7
A Monster in Paris,6.7
All Dogs Go to Heaven,6.7
"Michael Bolton's Big, Sexy Valentine's Day Special",6.7
Nothing to Lose,6.7
Jennifer Lopez: Dance Again,6.7
Grandma,6.7
Christine,6.7
American Reunion,6.7
Jo Koy: Live from Seattle,6.7
Hardcore Henry,6.7
Asperger's Are Us,6.7
Cart,6.7
Madagascar: Escape 2 Africa,6.7
BLAME!,6.7
Gringo: The Dangerous Life of John McAfee,6.7
Jules and Dolores,6.7
One for the Road,6.7
Bad Rap,6.7
Martial Arts of Shaolin,6.7
(T)ERROR,6.7
Underworld: Evolution,6.7
Tanu Weds Manu,6.7
Turbo Kid,6.7
Pocahontas,6.7
Robin Hood: Men in Tights,6.7
The Search for Life in Space,6.7
Rory Scovel Tries Stand-Up for the First Time,6.7
September,6.7
The Invitation,6.7
Popstar: Never Stop Never Stopping,6.7
Seeing Allred,6.7
Secrets of Underground London,6.7
Secrets of Scotland Yard,6.7
Umrika,6.7
That Girl in Yellow Boots,6.7
Running Turtle,6.7
Todd Barry: Spicy Honey,6.7
The Angel,6.7
The Guest,6.7
SHOT! The Psycho-Spiritual Mantra of Rock,6.7
The Hunger Games: Mockingjay – Part 1,6.7
The Bare-Footed Kid,6.7
White Fang,6.7
The Best of Me,6.7
The Truth Is in the Stars,6.7
Safe Haven,6.7
Sarah Silverman A Speck of Dust,6.7
Tunisian Victory,6.7
The Soloist,6.7
Tallulah,6.7
We Are Many,6.7
Tony Robbins: I Am Not Your Guru,6.7
The Lovely Bones,6.7
Surf's Up,6.7
Wet Hot American Summer,6.7
The Proposal,6.7
Stepmom,6.7
Young Tiger,6.7
Sinbad: Legend of the Seven Seas,6.7
The Force,6.7
Resident Evil,6.7
Spring,6.7
The Dirty Picture,6.7
Todo Sobre El Asado,6.7
Wanted,6.7
Road Games,6.7
Robin Hood,6.7
Too Late,6.7
Antz,6.6
Hush,6.6
HALO Legends,6.6
I Am Your Father,6.6
Maz Jobrani: Immigrant,6.6
Sabrás qué Hacer Conmigo,6.6
Vir Das: Abroad Understanding,6.6
Veve,6.6
Mercenary,6.6
The Forbidden Kingdom,6.6
Hannibal Buress: Comedy Camisado,6.6
Disciples of the 36th Chamber,6.6
The Spiderwick Chronicles,6.6
Retribution,6.6
Def Comedy Jam 25,6.6
Rosewater,6.6
Monster House,6.6
Romeo Is Bleeding,6.6
I'm Brent Morin,6.6
I Love You Phillip Morris,6.6
Fiore,6.6
VIPs,6.6
Stereo,6.6
She's Gotta Have It,6.6
Super Dark Times,6.6
John Carter,6.6
John Doe: Vigilante,6.6
Joshua: Teenager vs. Superpower,6.6
Silent Hill,6.6
Black or White,6.6
Laerte-se,6.6
Colin Quinn: The New York Story,6.6
Star Wars: Episode II: Attack of the Clones,6.6
Small Town Crime,6.6
LEGO: Marvel Super Heroes: Maximum Overload,6.6
Spanish Affair,6.6
To the Arctic,6.6
Toc Toc,6.6
Today's Special,6.6
Jason Bourne,6.6
The Wedding Party,6.6
Tea Time,6.6
Tears of the Sun,6.6
Mala Mala,6.6
Banking on Bitcoin,6.6
Maddman: The Steve Madden Story,6.6
Macbeth,6.6
The B-Side: Elsa Dorfman's Portrait Photography,6.6
Underworld: Rise of the Lycans,6.6
Renoir,6.6
Lust Stories,6.6
Instinct,6.6
The Amazing Spider-Man 2,6.6
Becoming Zlatan,6.6
It's Complicated,6.6
Secrets of Her Majesty's Secret Service,6.6
Jackass: The Movie,6.6
Two Faces of My Girlfriend,6.6
My Little Pony Equestria Girls: Friendship Games,6.6
Mercury 13,6.6
Whitney: Can I Be Me,6.6
Puss in Boots,6.6
4th Man Out,6.6
Forever the Moment,6.6
Franco Escamilla: Por la anécdota,6.6
Gimme the Loot,6.6
Frontera,6.6
Experimenter,6.6
A Woman's Life,6.6
A Lot Like Love,6.6
The Middle of the World,6.6
Dream Big: Engineering Our World,6.6
Red Trees,6.6
Whiskey Tango Foxtrot,6.6
A Week in Watts,6.6
The Motive,6.6
Ender's Game,6.6
The Most Unknown,6.6
Gerald's Game,6.6
No Kids,6.6
Next Gen,6.6
Getúlio,6.6
Pirates of the Caribbean: On Stranger Tides,6.6
Froning: The Fittest Man in History,6.6
Flushed Away,6.6
Pentatonix: On My Way Home,6.6
The Legend of 420,6.6
Dügün Dernek 2: Sünnet,6.6
Eagle Eye,6.6
What Doesn't Kill You,6.6
Zack and Miri Make a Porno,6.6
The Lion Woman,6.6
The Lost Brother,6.6
Saheb Bibi Golaam,6.5
Nocturama,6.5
City 40,6.5
A Moonless Night,6.5
Touched by Grace,6.5
The Mirror Has Two Faces,6.5
Hyena Road,6.5
Bank Attack,6.5
Craig Ferguson: Tickle Fight,6.5
A Princess for Christmas,6.5
Making Fun: The Story of Funko,6.5
Hükümet Kadin,6.5
"Kiki, Love to Love",6.5
Nobody Speak: Trials of the Free Press,6.5
At All Costs,6.5
The Spirit of Christmas,6.5
Asylum,6.5
The Incredible Jessica James,6.5
The Three Caballeros,6.5
Boris Becker: Der Spieler,6.5
I Saw the Sun,6.5
Sample This,6.5
A Royal Night Out,6.5
Contraband,6.5
Killer Elite,6.5
Son of a Gun,6.5
Trailer Park Boys Live at the North Pole,6.5
Leap Year,6.5
Star Wars: Episode I: The Phantom Menace,6.5
Tramps,6.5
Footloose,6.5
Out of Thin Air,6.5
Youth in Revolt,6.5
Those People,6.5
The Ledge,6.5
Joseph: King of Dreams,6.5
Karl Meltzer: Made to Be Broken,6.5
Blood Ties,6.5
Jen Kirkman: Just Keep Livin’?,6.5
Charlie St. Cloud,6.5
The Last Executioner,6.5
Pojken med Guldbyxorna,6.5
Step Up: Revolution,6.5
Set It Up,6.5
Freeheld,6.5
Fresh Dressed,6.5
Woodlawn,6.5
Jackass 2.5,6.5
Child 44,6.5
The Mars Generation,6.5
Call of Heroes,6.5
The International,6.5
Chris D'Elia: Incorrigible,6.5
Loving Annabelle,6.5
Odile,6.5
Loving You,6.5
Chris D'Elia: Man on Fire,6.5
Chris Rock: Tamborine,6.5
Safe,6.5
My Little Pony Equestria Girls: Legend of Everfree,6.5
Breakup Buddies,6.5
Hari Kondabolu: Warn Your Relatives,6.5
Dinosaur,6.5
The Chronicles of Narnia: Prince Caspian,6.5
Vizontele Tuuba,6.5
Revelations,6.5
The Skeleton Key,6.5
The DUFF,6.5
Mortadelo and Filemon: Mission Implausible,6.5
The Secret Life of Pets,6.5
Horns,6.5
Morning Glory,6.5
Daughters of the Dust,6.5
National Treasure: Book of Secrets,6.5
Monsters vs. Aliens,6.5
A Year in Champagne,6.5
Recovery Boys,6.5
Death Becomes Her,6.5
Dear Santa,6.5
Mona Lisa Smile,6.5
Dead Man Down,6.5
Need for Speed,6.5
The Double,6.5
The Parent Trap,6.5
Requisitos para ser una persona normal,6.5
My Own Man,6.5
A Walk Among the Tombstones,6.5
Rats,6.5
Against the Sun,6.5
Menashe,6.5
The Giver,6.5
Elvira I Will Give You My Life but I'm Using It,6.5
Crimson Peak,6.5
Heroin(e),6.4
Finding Mr. Right,6.4
Forbidden Games: The Justin Fashanu Story,6.4
She's Out of My League,6.4
Our Idiot Brother,6.4
Take Your Pills,6.4
The Golden Era,6.4
Jeremiah Tower: The Last Magnificent,6.4
Tomorrowland,6.4
Operações Especiais,6.4
Wheelman,6.4
Bright,6.4
Krrish,6.4
Jeff Dunham: Relative Disaster,6.4
War Room,6.4
The Voices,6.4
ARQ,6.4
The Dictator,6.4
The Lone Ranger,6.4
Good Kill,6.4
Two Night Stand,6.4
Je suis Charlie,6.4
Star Trek: Nemesis,6.4
Strong Island,6.4
Figaro Pho,6.4
Boca Juniors 3D: The Movie,6.4
Pain &amp; Gain,6.4
To Be a Miss,6.4
LEGO House – Home of the Brick,6.4
Mr. Bean's Holiday,6.4
Laggies,6.4
So Young,6.4
Haute Cuisine,6.4
Derren Brown: Miracle,6.4
He Never Died,6.4
26 Years,6.4
Headshot,6.4
Top Five,6.4
Beirut,6.4
Learning to Drive,6.4
Thunderbolt,6.4
Here Comes the Boom,6.4
Ace Ventura: When Nature Calls,6.4
Black Death,6.4
Third Person,6.4
Billy Madison,6.4
Journey to Greenland,6.4
Sneakerheadz,6.4
It's Now or Never,6.4
A StoryBots Christmas,6.4
The Invention of Lying,6.4
The Armor of Light,6.4
The Hurt Business,6.4
Barbie of Swan Lake,6.4
City of God: 10 Years Later,6.4
City of Joy,6.4
Clair Obscur,6.4
Barakah Meets Barakah,6.4
"Dana Carvey: Straight White Male, 60",6.4
How to Lose a Guy in 10 Days,6.4
The Next Skin,6.4
Bad Grandpa .5,6.4
Cloudy with a Chance of Meatballs 2,6.4
Bad Day for the Cut,6.4
Mamma Mia!,6.4
Colombiana,6.4
Back and Forth,6.4
Humano,6.4
Message from the King,6.4
God of War,6.4
The Taking of Pelham 123,6.4
Newness,6.4
I Promise You Anarchy,6.4
I Love You,6.4
Mark &amp; Russell’s Wild Ride,6.4
The Sum of All Fears,6.4
Creep 2,6.4
When We First Met,6.4
I Am Not an Easy Man,6.4
Ghost in the Shell,6.4
Ashby,6.4
Project Almanac,6.4
Hitler's Steel Beast,6.4
Se Nos Armó La Gorda Al Doble: Misión Las Vegas,6.4
The Santa Clause,6.4
Beach Rats,6.4
Every Day,6.4
David Cross: Making America Great Again!,6.4
American Pie 2,6.4
Irreplaceable You,6.4
Holy Camp!,6.4
Mississippi Grind,6.4
LoveTrue,6.4
Full Out,6.4
Funny People,6.3
The Priests,6.3
The Final Year,6.3
Hija única,6.3
The 4th Company,6.3
Burden,6.3
The 101-Year-Old Man Who Skipped Out on the Bill and Disappeared,6.3
Hunter Gatherer,6.3
Sun Dogs,6.3
Cop Car,6.3
"Hail, Caesar!",6.3
The 9th Life of Louis Drax,6.3
It Could Happen to You,6.3
The Journey Is the Destination,6.3
The Change-Up,6.3
Creep,6.3
Chloe &amp; Theo,6.3
The Outsider,6.3
Ella Enchanted,6.3
The Mad Monk,6.3
First Match,6.3
King Arthur,6.3
To Rome With Love,6.3
Dawg Fight,6.3
Charlotte's Web,6.3
The Discovery,6.3
Christina P: Mother Inferior,6.3
The Scam,6.3
Chris Tucker Live,6.3
The Disappearance of Eleanor Rigby: Them,6.3
The Babysitter,6.3
Force 2,6.3
Sydney White,6.3
Judge Archer,6.3
Cargo,6.3
Central Intelligence,6.3
The Invisible Guardian,6.3
The Rebound,6.3
The Tigger Movie,6.3
The Bar,6.3
How High,6.3
The Battle of Midway,6.3
The Snow Queen 2,6.3
Forsaken,6.3
David Brent: Life on the Road,6.3
The Mermaid,6.3
Iliza Shlesinger: Confirmed Kills,6.3
Dharam Sankat Mein,6.3
The November Man,6.3
"Farewell, My Queen",6.3
Thunder and the House Of Magic,6.3
Parrot Heads,6.3
Secret in Their Eyes,6.3
Powder Blue,6.3
Sand Castle,6.3
Queen of Earth,6.3
Max Rose,6.3
Arès,6.3
Little Sister,6.3
A Walk in the Woods,6.3
Russell Peters: Almost Famous,6.3
Reggie Watts: Spatial,6.3
"Angus, Thongs and Perfect Snogging",6.3
Naam Shabana,6.3
Sidetracked,6.3
Anchorman 2: The Legend Continues,6.3
Mindfulness and Murder,6.3
Mindhorn,6.3
Transformers: Dark of the Moon,6.3
Resident Evil: Extinction,6.3
W. Kamau Bell: Private School Negro,6.3
Walk with Me,6.3
Molly Monster,6.3
Ajab Prem Ki Ghazab Kahani,6.3
Shrek Forever After,6.3
Alex Strangelove,6.3
Risk,6.3
A Lonely Place to Die,6.3
While We're Young,6.3
Lovesong,6.3
Spectral,6.3
Scouts Guide to the Zombie Apocalypse,6.3
Manolo: The Boy Who Made Shoes for Lizards,6.3
Benavidez's Case,6.3
OtherLife,6.3
Boy Missing,6.3
Wyatt Cenac: Brooklyn,6.3
Mac &amp; Devin Go to High School,6.3
1922,6.3
Being AP,6.3
Before I Go to Sleep,6.3
1 Mile to You,6.3
On the Wrong Track,6.3
Back in Time,6.3
The Saint,6.2
Deathgrip,6.2
Beautiful Creatures,6.2
Voyeur,6.2
Deep Impact,6.2
Dancing Quietly,6.2
Morris from America,6.2
The Two Faces of January,6.2
The Bodyguard,6.2
The Confessions,6.2
Scribe,6.2
Anger Management,6.2
Indiana Jones and the Kingdom of the Crystal Skull,6.2
Unlocked,6.2
Roxanne Roxanne,6.2
Incir Receli 2,6.2
Made in France,6.2
Scary Movie,6.2
Saw III,6.2
Mateo,6.2
I Am Not a Serial Killer,6.2
Waterworld,6.2
Veronica,6.2
Mama,6.2
The Rewrite,6.2
King of Peking,6.2
We Are Your Friends,6.2
6 Days,6.2
Win It All,6.2
A Gray State,6.2
A Good Old Fashioned Orgy,6.2
Wolf Warrior 2,6.2
The Jack King Affair,6.2
Pokémon the Movie: Volcanion and the Mechanical Marvel,6.2
The Kissing Booth,6.2
Freaky Friday,6.2
The Land of Steady Habits,6.2
Forgive Us Our Debts,6.2
Alfie,6.2
5 Flights Up,6.2
The Memory of Water,6.2
Perú: Tesoro escondido,6.2
Feel Rich,6.2
Fifty,6.2
Pee-wee's Big Holiday,6.2
Zathura,6.2
The Man Who Would Be Polka King,6.2
FirstBorn,6.2
Enlighten Us,6.2
No Strings Attached,6.2
The Monster of Mangatiti,6.2
Emo the Musical,6.2
The Rachel Divide,6.2
Deprogrammed,6.2
"Alexander and the Terrible, Horrible, No Good, Very Bad Day",6.2
Wedding Unplanned,6.2
It Comes at Night,6.2
The Eagle,6.2
Welcome Mr. President!,6.2
Mr. Roosevelt,6.2
The Face of Love,6.2
Agustín Aristarán: Soy Rada,6.2
The Firefly,6.2
Advantageous,6.2
The Game Plan,6.2
Reincarnated,6.2
The Girl in the Book,6.2
Gotcha!,6.2
Aarakshan,6.2
The Heroes of Evil,6.2
A Sort of Family,6.2
Mr. Housewife,6.2
Rugrats in Paris: The Movie,6.2
Love Steaks,6.2
The Visit,6.2
Jack Ryan: Shadow Recruit,6.2
Benji,6.2
Cheech &amp; Chong's Next Movie,6.2
The Whole Truth,6.2
Jeremy Scott: The People's Designer,6.2
Sweet Virginia,6.2
Sweet Home Alabama,6.2
Casino Jack,6.2
Case 39,6.2
Casablancas: The Man Who Loved Women,6.2
Let Her Cry,6.2
Cars 2,6.2
This Is 40,6.2
Judd Apatow: The Return,6.2
Julie &amp; Julia,6.2
This Was Tomorrow,6.2
Black Snow,6.2
Legendary,6.2
Trainwreck,6.2
Blitz,6.2
Sky High,6.2
Tower Heist,6.2
Touched with Fire,6.2
Bunraku,6.2
Krampus,6.2
Two for the Money,6.2
Shimmer Lake,6.2
Chingo Bling: They Can't Deport Us All,6.2
Una,6.2
Inkaar,6.1
Generation Iron 2,6.1
Next Friday,6.1
The Most Hated Woman in America,6.1
Rolling Papers,6.1
Hot Girls Wanted,6.1
Beautiful Sunday,6.1
Tricked,6.1
Bee Movie,6.1
Daddy's Home,6.1
Cinar Agaci,6.1
How the Grinch Stole Christmas,6.1
Line Walker,6.1
Winning,6.1
Time Sweep,6.1
"Crouching Tiger, Hidden Dragon: Sword of Destiny",6.1
Shrek the Third,6.1
Cristela Alonzo: Lower Classy,6.1
The Huntsman: Winter's War,6.1
Anon,6.1
Lynne Koplitz: Hormonal Beast,6.1
Prince Charming,6.1
The Campaign,6.1
Every Secret Thing,6.1
American Ultra,6.1
Neseli Hayat,6.1
Electricity,6.1
She's Funny That Way,6.1
Lucknow Central,6.1
He Even Has Your Eyes,6.1
Don't Look Down,6.1
Transporter 3,6.1
Joe Mande’s Award-Winning Comedy Special,6.1
Lucid Dream,6.1
Super High Me,6.1
Mustang Island,6.1
Casting JonBenet,6.1
Deidra &amp; Laney Rob a Train,6.1
My Little Pony: Equestria Girls,6.1
The Overnight,6.1
Insidious: Chapter 3,6.1
All Work All Play,6.1
Almost Christmas,6.1
Invisible,6.1
Sword Master,6.1
About Last Night,6.1
Like Father,6.1
Cat People,6.1
A Wish for Christmas,6.1
Take Me,6.1
Road to Yesterday,6.1
GAME OF DEATH,6.1
Equals,6.1
Beyond Bollywood,6.1
30 Minutes or Less,6.1
Confessions of a Brazilian Call Girl,6.1
Chatô: The King of Brazil,6.1
Bodyguards: Secret Lives from the Watchtower,6.1
The Last King,6.1
Kidnapping Mr. Heineken,6.1
Fun with Dick &amp; Jane,6.1
Snowtime!,6.1
The Wedding Date,6.1
Iceman,6.1
The Tournament,6.1
Buddymoon,6.1
Frank and Cindy,6.1
Sparring,6.1
Magicians: Life in the Impossible,6.1
Felony,6.1
Spy Time,6.1
Ishq Vishk,6.1
"Look Out, Officer",6.1
Barbecue,6.1
Ciudad delirio,6.1
Brake,6.1
Tokyo Zombie,6.1
Burning Sands,6.1
The Expendables 3,6.1
Automata,6.1
Autohead,6.1
Hükümet Kadin 2,6.1
Oh My God,6.1
Sex: My British Job,6.1
Pornocracy: The New Sex Multinationals,6.1
The Mexican,6.1
Kevin James: Never Don't Give Up,6.1
Pokémon the Movie: Hoopa and the Clash of Ages,6.1
The Switch,6.1
Vampires,6.1
I Am Number Four,6.1
Salvador Martinha – Tip of the Tongue,6.1
The Last Witch Hunter,6.0
Pajaros volando,6.0
Katt Williams: Great America,6.0
Buster's Mal Heart,6.0
My Big Fat Greek Wedding 2,6.0
Dragon Blade,6.0
Trailer Park Boys Live In F**kin' Dublin,6.0
A Tale of Love and Darkness,6.0
Kocan Kadar Konus,6.0
Tracy Morgan: Staying Alive,6.0
Office,6.0
iBOY,6.0
Brian Regan: Nunchucks and Flamethrowers,6.0
Transformers: Revenge of the Fallen,6.0
Dirty Dancing: Havana Nights,6.0
Let's Go to Prison,6.0
My Big Night,6.0
7:19,6.0
El cumple de la abuela,6.0
Smash: Motorized Mayhem,6.0
The Negro Soldier,6.0
Plastic,6.0
When Love Happens,6.0
The Amityville Horror,6.0
Una noche de amor,6.0
The Monkey King 2,6.0
Green Is Gold,6.0
Endless Night,6.0
Sierra Burgess Is a Loser,6.0
Sisters,6.0
Ghostheads,6.0
Carriers,6.0
Into the Woods,6.0
Painted Faces,6.0
The Gambler,6.0
The Laws of Thermodynamics,6.0
Burlesque: Heart of the Glitter Tribe,6.0
Sara's Notebook,6.0
Circle,6.0
Içimdeki Ses,6.0
The Book of Love,6.0
War Machine,6.0
Walt Before Mickey,6.0
Maria Bamford: Old Baby,6.0
Catch and Release,6.0
Sahara,6.0
DeRay Davis: How to Act Black,6.0
The Boy,6.0
Two By Two,6.0
Daughter of the Lake,6.0
The SpongeBob Movie: Sponge Out of Water,6.0
The Bros,6.0
Shark Tale,6.0
As Mães de Chico Xavier,6.0
Running Wild,6.0
Milada,6.0
Waterschool,6.0
Speech &amp; Debate,6.0
The Purge: Election Year,6.0
Barbie Mariposa &amp; the Fairy Princess,6.0
Chennai Express,6.0
Band of Robbers,6.0
Devil's Bride,6.0
Immortals,6.0
Immortal,6.0
Until Death,6.0
Thi Mai,6.0
The 10 Year Plan,6.0
Liberated: The New Sexual Revolution,6.0
The Truth About Emanuel,6.0
Maya the Bee Movie,5.9
The Canal,5.9
The Man in the Wall,5.9
Keeper of Darkness,5.9
The Captive,5.9
Indecent Proposal,5.9
Psychokinesis,5.9
Without a Paddle,5.9
Covered: Alive in Asia,5.9
Katy Perry: Part of Me,5.9
Cirque du Freak: The Vampire's Assistant,5.9
Star Wars: The Clone Wars,5.9
"Peace, Love &amp; Misunderstanding",5.9
The Warning,5.9
Piranha,5.9
Kevin Hart: What Now?,5.9
The Last Song,5.9
Backtrack,5.9
Toro,5.9
Kill Me Three Times,5.9
The Blind Christ,5.9
London Has Fallen,5.9
Loev,5.9
Come Sunday,5.9
Little Boxes,5.9
Fakkah Fuzz: Almost Banned,5.9
The Last Five Years,5.9
La hora final,5.9
Confessions of a Shopaholic,5.9
Falling,5.9
Free Birds,5.9
Atomic Falafel,5.9
Chris Brown: Welcome to My Life,5.9
Not Alone,5.9
Strange Weather,5.9
Amok,5.9
West Coast,5.9
The Perfect Couple,5.9
Rodney King,5.9
Rock Dog,5.9
American Anarchist,5.9
The New Guy,5.9
National Lampoon's Animal House,5.9
Capture the Flag,5.9
Treasures from the Wreck of the Unbelievable,5.9
The One,5.9
The Polka King,5.9
The Rugrats Movie,5.9
Ride Along 2,5.9
Swearnet: The Movie,5.9
Monster High: Ghouls Rule,5.9
The Oranges,5.9
Heritage Falls,5.9
The Girl King,5.9
Hide and Seek,5.9
We Need to Talk,5.9
Ricki and the Flash,5.9
A Thousand Words,5.9
True Memoirs of an International Assassin,5.9
Rainbow Time,5.9
The Similars,5.9
Tanner Hall,5.9
The Apostate,5.9
Welcome to Me,5.9
Dirty Grandpa,5.9
Dinner for Schmucks,5.9
She's All That,5.9
Hostel,5.9
Hayat Öpücügü,5.9
Into the Forest,5.9
A Stork's Journey,5.9
Resident Evil: Afterlife,5.9
The Possession,5.9
The Host,5.9
Child's Play 2,5.8
The Paperboy,5.8
1 Night,5.8
The Rehearsal,5.8
Battle: Los Angeles,5.8
Battleship,5.8
Chicken Little,5.8
The Model,5.8
Vai que Dá Certo,5.8
6 Balloons,5.8
Dany Boon: Des Hauts De France,5.8
Anjelah Johnson: Not Fancy,5.8
And While We Were Here,5.8
"Villa, itinerario de una pasión",5.8
Verónica,5.8
Candy Jar,5.8
Expedition Happiness,5.8
The Wrath of Vajra,5.8
Belief: The Possession of Janet Moses,5.8
Blue Mountain State: The Rise of Thadland,5.8
Darc,5.8
Be Somebody,5.8
Extinction,5.8
Tuscan Wedding,5.8
Catfight,5.8
Falcon Rising,5.8
The Nightmare,5.8
Abby Sen,5.8
The Princess Diaries 2: Royal Engagement,5.8
Azhar,5.8
You Again,5.8
Underground Rendezvous,5.8
Gato Negro,5.8
Mr. Deeds,5.8
Plan B – Scheiss Auf Plan A,5.8
Rezeta,5.8
Lift Me Up,5.8
Life of Crime,5.8
Hoovey,5.8
Hostage to the Devil,5.8
Goon: Last of the Enforcers,5.8
Small Crimes,5.8
"The Goods: Live Hard, Sell Hard",5.8
The Chase,5.8
Fred Armisen: Standup For Drummers,5.8
GODZILLA City on the Edge of Battle,5.8
Hurricane Bianca,5.8
In-Lawfully Yours,5.8
Rocco,5.8
Orbiter 9,5.8
Special Correspondents,5.8
I'll Sleep When I'm Dead,5.8
Know Your Enemy – Japan,5.8
Strange Magic,5.8
Rangoon,5.8
R.L. Stine's Monsterville: Cabinet of Souls,5.8
Heaven Is for Real,5.8
Teenage Mutant Ninja Turtles,5.8
The Little Vampire,5.8
Teenage Cocktail,5.8
Masterminds,5.8
Manson Family Vacation,5.8
On the Other Side of the Tracks,5.8
Scare Campaign,5.8
The Duel,5.8
Lost River,5.8
The Glass House,5.8
The After Party,5.8
The Forger,5.8
The Arbitration,5.8
The Gunman,5.8
Love.com,5.8
The Heartbreak Kid,5.8
Love the Coopers,5.8
The Assailant,5.7
Inside: Medical Marijuana,5.7
Identity Thief,5.7
Acts of Vengeance,5.7
Christmas Inheritance,5.7
The Love Punch,5.7
Regression,5.7
Cooties,5.7
I Am Michael,5.7
What to Expect When You're Expecting,5.7
New Year's Eve,5.7
The Secret,5.7
No Filter,5.7
Decanted.,5.7
Dedemin Fisi,5.7
White Girl,5.7
Radical: the Controversial Saga of Dada Figueiredo,5.7
The Do-Over,5.7
Pressure,5.7
The Price of Success,5.7
The Skin of the Wolf,5.7
Jumping the Broom,5.7
Temporary Family,5.7
Bayonetta: Bloody Fate,5.7
Birthmarked,5.7
Bill Nye: Science Guy,5.7
Little Evil,5.7
S.O.S.: Women to the Sea,5.7
Security,5.7
Seashore,5.7
Seal Team Six: The Raid on Osama Bin Laden,5.7
Lunch Time Heroes,5.7
Jessica Darling's It List,5.7
M Cream,5.7
Sacrifice,5.7
Barbie Dolphin Magic,5.7
Madame Bovary,5.7
Madre,5.7
Maria Sharapova: The Point,5.7
Asthma,5.7
Transformers: Age of Extinction,5.7
Angels in the Snow,5.7
Snervous Tyler Oakley,5.7
LEGO Jurassic World: The Indominus Escape,5.7
TAU,5.7
Sudden Death,5.7
"Carrossel, O Filme",5.7
Straight A's,5.7
Posthumous,5.7
Careful What You Wish For,5.7
Tik Tok,5.7
Alive and Kicking,5.7
Kill Command,5.7
Brick Mansions,5.7
Brahman Naman,5.7
Moh Maya Money,5.7
Song to Song,5.7
Some Kind of Beautiful,5.7
Bomb Scared,5.7
Happy Anniversary,5.7
Mascots,5.7
Good Burger,5.7
Halo: The Fall of Reach,5.7
The Games Maker,5.7
Duck Duck Goose,5.7
The Girl from the Song,5.7
A Case of You,5.7
Drillbit Taylor,5.7
10 jours en or,5.7
Grace of Monaco,5.7
Gandu,5.7
Hadi İnşallah,5.7
Footprints: The Path of Your Life,5.7
Yamla Pagla Deewana,5.7
A Christmas Prince,5.7
Paranormal Activity 2,5.7
Pirates Who Don't Do Anything: A VeggieTales Movie,5.7
Full Speed,5.7
The Debt Collector,5.6
That's My Boy,5.6
The Bounty Hunter,5.6
Bibi &amp; Tina II,5.6
Bibi &amp; Tina: Girls Versus Boys,5.6
The Boss's Daughter,5.6
Pixels,5.6
Barbie in Princess Power,5.6
Gone Too Far!,5.6
Mirror Mirror,5.6
Beastly,5.6
Love Me!,5.6
6 Years,5.6
Journey to Le Mans,5.6
Rip Tide,5.6
Unfriended,5.6
People You May Know,5.6
Bibi &amp; Tina,5.6
Kicking &amp; Screaming,5.6
House at the End of the Street,5.6
Village of the Damned,5.6
Barnyard,5.6
Caida del Cielo,5.6
National Security,5.6
Ali Baba ve 7 Cüceler,5.6
The Cloverfield Paradox,5.6
Dumb and Dumber To,5.6
Staten Island Summer,5.6
Kavin Jay: Everybody Calm Down!,5.6
Naomi and Ely's No Kiss List,5.6
The Samaritan,5.6
Wanderlust,5.6
King Cobra,5.6
Bon Bini Holland,5.6
Cedric the Entertainer: Live from the Ville,5.6
Tarzan 2,5.6
The Pacifier,5.6
The Assassins,5.6
The Black Dahlia,5.6
Pokémon the Movie: Diancie and the Cocoon of Destruction,5.6
Küçük Esnaf,5.6
The Perfect Guy,5.6
Brad Paisley's Comedy Rodeo,5.6
El Camino Christmas,5.6
The Humbling,5.6
Chatroom,5.6
Mother's Day,5.6
Annabelle Hooper and the Ghosts of Nantucket,5.6
Maggie,5.6
Money,5.6
Growing Up Coy,5.6
The Devil's Mistress,5.6
Motivation 3: The Next Generation,5.6
Stolen,5.5
Mostly Sunny,5.5
"We, the Marines",5.5
Tales of Halloween,5.5
The Outcasts,5.5
Simply Actors,5.5
The Spy Next Door,5.5
Perdida,5.5
Couples Retreat,5.5
Incorruptible,5.5
The Big Bang,5.5
The Bittersweet,5.5
Theo Von: No Offense,5.5
Jailbreak,5.5
The Legacy of a Whitetail Deer Hunter,5.5
Beverly Hills Cop III,5.5
Catch Hell,5.5
Synchronicity,5.5
Casa de mi Padre,5.5
How Sarah Got Her Wings,5.5
Refugee,5.5
Merry Kissmas,5.5
Klappe Cowboy!,5.5
No estoy loca,5.5
Enissa Amani: Ehrenwort,5.5
The Package,5.5
Saving Santa,5.5
French Dirty,5.5
Arthur 3: The War of the Two Worlds,5.5
Pompeii,5.5
Manhattan Romance,5.5
Havoc,5.5
600 Miles,5.5
Viral,5.5
Maximum Risk,5.5
Vampire Academy,5.5
Miss India America,5.5
Legends of Oz: Dorothy’s Return,5.5
The Perfect Physique,5.5
Spivak,5.5
Thank You for Calling,5.5
Scary Movie 3,5.5
Spy Kids,5.5
How to Plan an Orgy in a Small Town,5.5
Curve,5.5
A Yellow Bird,5.5
Mortdecai,5.5
Daddy Day Care,5.5
El club de los buenos infieles,5.5
A Very Murray Christmas,5.5
Fala Comigo,5.5
Carrossel 2: O Sumiço de Maria Joaquina,5.4
Emelie,5.4
Captive,5.4
Jab Harry Met Sejal,5.4
Embarazados,5.4
Results,5.4
The Guardian Brothers,5.4
3 Türken &amp; ein Baby,5.4
Killers,5.4
Michael Lost and Found,5.4
The Most Assassinated Woman in the World,5.4
Bottom of the World,5.4
Serious Moonlight,5.4
American Pie Presents: Beta House,5.4
Tapped Out,5.4
Step Sisters,5.4
Gods of Egypt,5.4
Big Game,5.4
Bunks,5.4
Bullet Head,5.4
Book of Love,5.4
The Young Vagabond,5.4
Catching Feelings,5.4
Estar o no estar,5.4
"Game Over, Man!",5.4
Romantik Komedi,5.4
Death in Buenos Aires,5.4
The Nut Job 2: Nutty by Nature,5.4
Fitoor,5.4
The Boss,5.4
Inseparable,5.4
Wicked Blood,5.4
The Tuxedo,5.4
City of Tiny Lights,5.4
The Trust,5.4
Making the American Man,5.4
Abzurdah,5.4
Acapulco La vida va,5.4
Mute,5.4
Lucas Brothers: On Drugs,5.4
E a Vida Continua,5.4
I'll Be Home for Christmas,5.4
Hotel for Dogs,5.4
LuTo,5.4
Zapped,5.4
After Porn Ends 2,5.4
Night Fare,5.4
Hop,5.4
Season of the Witch,5.4
Heropanti,5.4
Home on the Range,5.4
The Rezort,5.3
Scary Movie 2,5.3
A Tale of Legendary Libido,5.3
Dream Boat,5.3
Stomp the Yard,5.3
Arctic Heart,5.3
Puss in Book: Trapped in an Epic Tale,5.3
Hate Story,5.3
Are You Here,5.3
Beyond Skyline,5.3
The Covenant,5.3
Demonic,5.3
Trespass,5.3
Krrish 3,5.3
What the Waters Left Behind,5.3
The Red Thread,5.3
Bowie: The Man Who Changed the World,5.3
Duck Butter,5.3
By the Sea,5.3
Dachimawa Lee,5.3
Serving Sara,5.3
The Bag Man,5.3
Murder of a Cat,5.3
Maroon,5.3
Love Beats Rhymes,5.3
The Watcher,5.3
The Vessel,5.3
Janoskians: Untold and Untrue,5.3
Sinister 2,5.3
Jarhead 3: The Siege,5.3
Çarsi Pazar,5.3
XOXO,5.3
Lavender,5.3
The Worthy,5.3
The Bad Batch,5.3
Albion: The Enchanted Stallion,5.3
Ju-on: The Beginning of the End,5.3
Loco Love,5.3
Pickpockets,5.3
Handsome: A Netflix Mystery Movie,5.3
Bob's Broken Sleigh,5.3
Pottersville,5.3
The First Line,5.3
Legion,5.2
Haunt,5.2
A Dogwalker's Christmas Tale,5.2
Vanish,5.2
The Queen of Spain,5.2
Ladronas de almas,5.2
Voice from the Stone,5.2
The Feels,5.2
Le talent de mes amis,5.2
Baaghi,5.2
Romantik Komedi 2: Bekarlığa Veda,5.2
Us and Them,5.2
Olaf's Frozen Adventure,5.2
American Pie Presents: The Naked Mile,5.2
Dilwale,5.2
Hirschen,5.2
Youngistaan,5.2
Flight of the Living Dead,5.2
Father of the Year,5.2
The Broken Tower,5.2
Another Forever,5.2
Ibiza,5.2
Undercover Grandpa,5.2
Girlfriend's Day,5.2
Swearnet Live,5.2
Werewolf: The Beast Among Us,5.2
Revolt,5.2
The Lazarus Effect,5.2
Return to the Blue Lagoon,5.2
Chronically Metropolitan,5.2
El jugador,5.2
Los jefes,5.2
Being Napoleon,5.2
Holy Goalie,5.2
Get Rich or Die Tryin',5.2
The Houses October Built,5.2
Natural Selection,5.2
Bright Night,5.2
The Scarlet Letter,5.2
Riot,5.2
Görümce,5.2
Stalked by My Neighbor,5.2
Kids in Love,5.2
Dad's Army,5.2
"To Each, Her Own",5.2
Red Carpet,5.2
Kaptn Oskar,5.2
Hangman,5.2
Freedomland,5.1
Uma Loucura de Mulher,5.1
Se Nos Armó La Gorda,5.1
Berlin Kaplani,5.1
Army of One,5.1
Sen Kimsin?,5.1
Sandy Wexler,5.1
Felipe Neto: My Life Makes No Sense,5.1
P,5.1
The Karate Kid Part III,5.1
Summer Camp,5.1
Bleeding Heart,5.1
Holidays,5.1
Child's Play 3,5.1
Gosto Se Discute,5.1
Clinical,5.1
End Game,5.1
"I, Frankenstein",5.1
Counterpunch,5.1
Dude,5.1
Return to Sender,5.1
Rangrezz,5.1
The Week Of,5.1
Random Hearts,5.1
The Devil and Father Amorth,5.1
Happy New Year,5.1
Pray For Rain,5.1
American Pie Presents: Band Camp,5.1
"Love, Wedding, Marriage",5.0
Los Oriyinales,5.0
Tell Me How I Die,5.0
Dirty Weekend,5.0
Rage,5.0
May We Chat,5.0
Unrest,5.0
México Bárbaro,5.0
How It Ends,5.0
The Devil's Hand,5.0
Rebirth,5.0
Schubert in Love,5.0
The Vatican Tapes,5.0
Bokeh,5.0
Mothers and Daughters,5.0
Mercy,5.0
Ghost Patrol,5.0
All Hallows' Eve,5.0
Expelled,5.0
Kickboxer: Retaliation,5.0
Si saben cómo me pongo ¿pá qué me invitan?,5.0
Mohamed Dubois,5.0
Todd Glass: Act Happy,5.0
Savage Dog,4.9
III – The Ritual,4.9
Year One,4.9
Victor,4.9
Hazing,4.9
Knock Knock,4.9
The Bounce Back,4.9
Lusers,4.9
The Woman in Black 2: Angel of Death,4.9
1 Chance 2 Dance,4.9
Musical Chairs,4.9
A 2nd Chance,4.9
Two-Bit Waltz,4.9
Australien Skies,4.9
Amityville: The Awakening,4.9
Antibirth,4.9
Caroline and the Magic Potion,4.9
Harriet the Spy: Blog Wars,4.9
Obsessed,4.9
Demon Inside,4.8
The Forest,4.8
Functional Fitness,4.8
Wild Horses,4.8
Don't Blink,4.8
The Ridiculous 6,4.8
Did You Hear About the Morgans?,4.8
The Precipice Game,4.8
Güelcom Tu Colombia,4.8
Let There Be Light,4.8
Coin Heist,4.8
Approaching the Unknown,4.8
The Animal,4.8
Aftershock,4.8
Beethoven's 2nd,4.8
Take the 10,4.8
The Titan,4.8
Tekken,4.8
Apartment 1303,4.8
The Veil,4.8
Hypersomnia,4.8
The Sound and the Fury,4.8
Gbomo Gbomo Express,4.8
Recep Ivedik,4.8
Pocoyo &amp; The Space Circus,4.8
Chalk It Up,4.8
American Pie Presents: The Book of Love,4.8
Winx Club: The Mystery of the Abyss,4.7
Zoolander 2,4.7
Anaconda,4.7
27: Gone Too Soon,4.7
10 Cent Pistol,4.7
Where Is Good?,4.7
My Perfect Romance,4.7
You Get Me,4.7
Amar,4.7
Brother Nature,4.7
Vegas Baby,4.7
Badges of Fury,4.7
Ladrones,4.7
League of Gods,4.7
Hurricane Bianca: From Russia With Hate,4.7
Dance-Off,4.7
The Runner,4.7
The Diabolical,4.7
Dirty Teacher,4.7
Deliha,4.7
Urge,4.7
Baba,4.7
Final Girl,4.7
Sam Was Here,4.7
Erkekler,4.6
Jonas,4.6
I'm in Love with a Church Girl,4.6
Blood of Redemption,4.6
I Am the Pretty Thing That Lives in the House,4.6
Mariah Carey's Merriest Christmas,4.6
Paranormal Activity: The Ghost Dimension,4.6
Millionaire Dog,4.6
Cómo sobrevivir a una despedida,4.6
Planetarium,4.6
The Mansion,4.6
Ralphie May: Unruly,4.6
Paradox,4.6
La Última Fiesta,4.6
Heroes Wanted,4.6
Colkatay Columbus,4.6
The Prince,4.6
Mahjong Heroes,4.6
Between Us,4.6
XX,4.6
The Seventh Dwarf,4.6
Kindergarten Cop 2,4.5
Tellur Aliens,4.5
Five Nights in Maine,4.5
Rodney Carrington: Here Comes the Truth,4.5
The Nutty Boy,4.5
Going for Gold,4.5
Exeter,4.5
Born to Raise Hell,4.5
I Am Happiness on Earth,4.5
Something Huge,4.4
Dying of the Light,4.4
God's Not Dead 2,4.4
Paul Blart: Mall Cop 2,4.4
Underdog Kids,4.4
The Drowning,4.4
The Recall,4.4
Aiyyaa,4.4
Let's Be Evil,4.4
Niyazi Gül Dörtnala,4.4
Floating!,4.4
First Sunday,4.4
Horror Story,4.4
Finders Keepers,4.4
The Presence,4.4
Cherry Pop,4.3
Mucize,4.3
Recep İvedik 2,4.3
Harith Iskander: I Told You So,4.3
The Child's Eye,4.3
Amnesiac,4.3
Selfless,4.3
The Night of the Wild Boar,4.3
Code of Honor,4.3
Marco Luque: Tamo Junto,4.3
Breaking Through,4.3
Total Frat Movie,4.3
Broken Vows,4.3
The Levenger Tapes,4.3
Exposed,4.3
The Maus,4.2
The Legend of Hercules,4.2
Hellions,4.2
Para Elisa,4.2
Family Blood,4.2
The Secrets of Emily Blair,4.2
4Got10,4.2
Macho,4.2
Mike Epps: Don't Take It Personal,4.2
Discovering Bigfoot,4.2
Miss Me This Christmas,4.2
The Devil Inside,4.2
Çok Filim Hareketler Bunlar,4.2
Is Genesis History?,4.2
Stop! Or My Mom Will Shoot,4.2
Aditi Mittal: Things They Wouldn't Let Me Say,4.2
Cave,4.2
War Pigs,4.2
Players,4.1
Generation Um…,4.1
Supermodel,4.1
Sharknado 2: The Second One,4.1
1920 London,4.1
Sharknado 3,4.1
Jem and the Holograms,4.1
The Institute,4.1
The Darkest Dawn,4.1
The Intent,4.1
Sharknado 5,4.0
Recep Ivedik 3,4.0
Norbit,4.0
The Devil Complex,4.0
Most Likely to Die,4.0
Kill Ratio,4.0
A Russell Peters Christmas,3.9
Extraordinary: The Stan Romanek Story,3.9
Spiders,3.9
Socios por accidente 2,3.9
The Disappointments Room,3.9
Hungerford,3.9
Mr. Magoo,3.9
Recep Ivedik 4,3.9
Double Trouble,3.9
Alien Contact: Outer Space,3.9
Maximum Ride,3.8
Black Site Delta,3.8
The Faith of Anna Waters,3.8
Bugs,3.8
Tomorrow You're Gone,3.8
Cymbeline,3.8
Addicted to Sexting,3.8
The Demented,3.8
Blockbuster,3.8
Seth Rogen's Hilarity for Charity,3.8
Satanic,3.7
Her Infidelity,3.7
A Matter of Faith,3.7
Evil Woman,3.7
You Got Served,3.6
La Coppia dei Campioni,3.6
Natural Born Pranksters,3.6
Internet Famous,3.6
Norm of the North,3.6
Temple,3.6
The Chosen,3.6
The Last Heist,3.5
Monster Island,3.5
Invasion 1897,3.5
SMOSH: The Movie,3.5
Fifty Shades of Black,3.5
Yamla Pagla Deewana 2,3.5
Crossroads,3.4
Riddles of the Sphinx,3.4
Day of the Dead: Bloodline,3.4
Hot Bot,3.4
Standing Ovation,3.3
SPF-18,3.3
The Black Room,3.3
Bir Baba Hindu,3.3
The Weekend,3.3
The Open House,3.3
Sharknado,3.3
Zipi &amp; Zape y la Isla del Capitan,3.2
Osman Pazarlama,3.2
The Perfect Day,3.2
Esperando La Carroza,3.1
Left Behind,3.1
Legacy,3.1
Stasis,3.0
Ludo,3.0
Chapo: el escape del siglo,3.0
InAPPropriate Comedy,2.9
Dragonwolf,2.9
Crô: O Filme,2.9
Amy Schumer: The Leather Special,2.9
Celal and Ceren,2.7
The Exorcism of Anna Ecklund,2.5
Battlefield Earth,2.5
American Beach House,2.4
Romina,2.3
American Poltergeist,2.2
Cantantes En Guerra,2.2
From Vegas to Macau III,2.1
Disaster Movie,1.9
Justin Bieber's Believe,1.7
Justin Bieber: Never Say Never,1.6
